provider_id,hospital_name,address,city,state,zip_code,county_name,phone_number,hospital_type,hospital_ownership,emergency_services,meets_criteria_for_meaningful_use_of_ehrs,hospital_overall_rating,mortality_national_comparison,safety_of_care_national_comparison,readmission_national_comparison,patient_experience_national_comparison,effectiveness_of_care_national_comparison,timeliness_of_care_national_comparison,efficient_use_of_medical_imaging_national_comparison
010001,SOUTHEAST ALABAMA MEDICAL CENTER,1108 ROSS CLARK CIRCLE,DOTHAN,AL,36301,HOUSTON,3347938701,Acute Care Hospitals,Government - Hospital District or Authority,Yes,Y,3.0,Same as the national average,Above the national average,Same as the national average,Below the national average,Same as the national average,Same as the national average,Same as the national average
010005,MARSHALL MEDICAL CENTER SOUTH,2505 U S HIGHWAY 431 NORTH,BOAZ,AL,35957,MARSHALL,2565938310,Acute Care Hospitals,Government - Hospital District or Authority,Yes,Y,3.0,Below the national average,Same as the national average,Above the national average,Same as the national average,Same as the national average,Above the national average,Below the national average
010006,ELIZA COFFEE MEMORIAL HOSPITAL,205 MARENGO STREET,FLORENCE,AL,35631,LAUDERDALE,2567688400,Acute Care Hospitals,Government - Hospital District or Authority,Yes,Y,2.0,Below the national average,Same as the national average,Same as the national average,Below the national average,Same as the national average,Above the national average,Same as the national average
010007,MIZELL MEMORIAL HOSPITAL,702 N MAIN ST,OPP,AL,36467,COVINGTON,3344933541,Acute Care Hospitals,Voluntary non-profit - Private,Yes,Y,2.0,Same as the national average,,Below the national average,Same as the national average,Below the national average,Above the national average,
010008,CRENSHAW COMMUNITY HOSPITAL,101 HOSPITAL CIRCLE,LUVERNE,AL,36049,CRENSHAW,3343353374,Acute Care Hospitals,Proprietary,Yes,Y,3.0,Same as the national average,,Same as the national average,,Same as the national average,Above the national average,
010011,ST VINCENT'S EAST,50 MEDICAL PARK EAST DRIVE,BIRMINGHAM,AL,35235,JEFFERSON,2058383122,Acute Care Hospitals,Voluntary non-profit - Private,Yes,Y,2.0,Same as the national average,Below the national average,Same as the national average,Below the national average,Below the national average,Same as the national average,Same as the national average
010012,DEKALB REGIONAL MEDICAL CENTER,200 MED CENTER DRIVE,FORT PAYNE,AL,35968,DE KALB,2568453150,Acute Care Hospitals,Proprietary,Yes,Y,3.0,Below the national average,Same as the national average,Same as the national average,Same as the national average,Same as the national average,Above the national average,Same as the national average
010016,SHELBY BAPTIST MEDICAL CENTER,1000 FIRST STREET NORTH,ALABASTER,AL,35007,SHELBY,2056208100,Acute Care Hospitals,Voluntary non-profit - Private,Yes,Y,3.0,Same as the national average,Above the national average,Above the national average,Below the national average,Same as the national average,Below the national average,Below the national average
010018,CALLAHAN EYE HOSPITAL,1720 UNIVERSITY BLVD,BIRMINGHAM,AL,35233,JEFFERSON,2053258100,Acute Care Hospitals,Voluntary non-profit - Private,Yes,Y,,,,,,Same as the national average,Same as the national average,
010019,HELEN KELLER MEMORIAL HOSPITAL,1300 SOUTH MONTGOMERY AVENUE,SHEFFIELD,AL,35660,COLBERT,2563864556,Acute Care Hospitals,Government - Hospital District or Authority,Yes,Y,2.0,Below the national average,Below the national average,Below the national average,Below the national average,Same as the national average,Above the national average,Below the national average
010021,DALE MEDICAL CENTER,126 HOSPITAL AVE,OZARK,AL,36360,DALE,3347742601,Acute Care Hospitals,Government - Hospital District or Authority,Yes,Y,4.0,Same as the national average,Same as the national average,Same as the national average,Above the national average,Same as the national average,Above the national average,Same as the national average
010022,CHEROKEE MEDICAL CENTER,400 NORTHWOOD DR,CENTRE,AL,35960,CHEROKEE,2569275531,Acute Care Hospitals,Voluntary non-profit - Private,Yes,Y,4.0,Same as the national average,,Same as the national average,Above the national average,Same as the national average,Same as the national average,
010023,BAPTIST MEDICAL CENTER SOUTH,2105 EAST SOUTH BOULEVARD,MONTGOMERY,AL,36116,MONTGOMERY,3342882100,Acute Care Hospitals,Government - Hospital District or Authority,Yes,Y,3.0,Below the national average,Above the national average,Same as the national average,Below the national average,Same as the national average,Below the national average,Above the national average
010024,JACKSON HOSPITAL & CLINIC INC,1725 PINE STREET,MONTGOMERY,AL,36106,MONTGOMERY,3342938000,Acute Care Hospitals,Voluntary non-profit - Private,Yes,Y,3.0,Same as the national average,Above the national average,Above the national average,Same as the national average,Same as the national average,Below the national average,Same as the national average
010029,EAST ALABAMA MEDICAL CENTER,2000 PEPPERELL PARKWAY,OPELIKA,AL,36801,LEE,3347493411,Acute Care Hospitals,Government - Hospital District or Authority,Yes,Y,4.0,Same as the national average,Above the national average,Above the national average,Above the national average,Same as the national average,Above the national average,Same as the national average
010032,WEDOWEE HOSPITAL,209 NORTH MAIN STREET,WEDOWEE,AL,36278,RANDOLPH,2563572111,Acute Care Hospitals,Government - Hospital District or Authority,Yes,Y,4.0,Same as the national average,,Same as the national average,,Same as the national average,Same as the national average,
010033,UNIVERSITY OF ALABAMA HOSPITAL,619 SOUTH 19TH STREET,BIRMINGHAM,AL,35233,JEFFERSON,2059344011,Acute Care Hospitals,Government - State,Yes,Y,3.0,Same as the national average,Above the national average,Below the national average,Above the national average,Same as the national average,Below the national average,Below the national average
010034,COMMUNITY HOSPITAL INC,805 FRIENDSHIP ROAD,TALLASSEE,AL,36078,ELMORE,3342836541,Acute Care Hospitals,Voluntary non-profit - Private,Yes,Y,4.0,Same as the national average,,Same as the national average,Same as the national average,Same as the national average,Same as the national average,
010035,CULLMAN REGIONAL MEDICAL CENTER,1912 ALABAMA HIGHWAY 157,CULLMAN,AL,35058,CULLMAN,2567372000,Acute Care Hospitals,Government - Hospital District or Authority,Yes,Y,3.0,Below the national average,Above the national average,Same as the national average,Same as the national average,Same as the national average,Above the national average,Same as the national average
010036,ANDALUSIA REGIONAL HOSPITAL,849 SOUTH THREE NOTCH STREET,ANDALUSIA,AL,36420,COVINGTON,3342228466,Acute Care Hospitals,Proprietary,Yes,Y,3.0,Same as the national average,Below the national average,Below the national average,Below the national average,Same as the national average,Above the national average,Same as the national average
010038,STRINGFELLOW MEMORIAL HOSPITAL,301 EAST 18TH ST,ANNISTON,AL,36201,CALHOUN,2562358900,Acute Care Hospitals,Proprietary,Yes,Y,3.0,Same as the national average,Same as the national average,Same as the national average,Below the national average,Same as the national average,Above the national average,Same as the national average
010039,HUNTSVILLE HOSPITAL,101 SIVLEY RD,HUNTSVILLE,AL,35801,MADISON,2562651000,Acute Care Hospitals,Government - Hospital District or Authority,Yes,Y,3.0,Below the national average,Above the national average,Above the national average,Same as the national average,Same as the national average,Below the national average,Below the national average
010040,GADSDEN REGIONAL MEDICAL CENTER,1007 GOODYEAR AVENUE,GADSDEN,AL,35903,ETOWAH,2564944000,Acute Care Hospitals,Proprietary,Yes,Y,2.0,Same as the national average,Below the national average,Below the national average,Below the national average,Below the national average,Below the national average,Same as the national average
010044,MARION REGIONAL MEDICAL CENTER,1256 MILITARY STREET SOUTH,HAMILTON,AL,35570,MARION,2059216200,Acute Care Hospitals,Voluntary non-profit - Private,Yes,Y,5.0,Same as the national average,,Same as the national average,Above the national average,Same as the national average,Above the national average,
010045,FAYETTE MEDICAL CENTER,1653 TEMPLE AVENUE NORTH,FAYETTE,AL,35555,FAYETTE,2059325966,Acute Care Hospitals,Voluntary non-profit - Other,Yes,Y,4.0,Same as the national average,,Same as the national average,Above the national average,Same as the national average,Above the national average,Same as the national average
010046,RIVERVIEW REGIONAL MEDICAL CENTER,600 SOUTH THIRD STREET,GADSDEN,AL,35901,ETOWAH,2565435200,Acute Care Hospitals,Proprietary,Yes,Y,3.0,Same as the national average,Above the national average,Same as the national average,Below the national average,Same as the national average,Same as the national average,Same as the national average
010047,GEORGIANA MEDICAL CENTER,515 N MIRANDA AVENUE,GEORGIANA,AL,36033,BUTLER,3343762205,Acute Care Hospitals,Proprietary,Yes,Y,3.0,,,Same as the national average,Same as the national average,Same as the national average,Above the national average,
010049,MEDICAL CENTER ENTERPRISE,400 N EDWARDS STREET,ENTERPRISE,AL,36330,COFFEE,3343470584,Acute Care Hospitals,Proprietary,Yes,Y,3.0,Below the national average,Same as the national average,Above the national average,Same as the national average,Above the national average,Same as the national average,Same as the national average
010051,GREENE COUNTY HOSPITAL,509 WILSON AVENUE,EUTAW,AL,35462,GREENE,2053723388,Acute Care Hospitals,Government - Local,No,Y,3.0,Same as the national average,,Same as the national average,,Same as the national average,Above the national average,
010052,LAKE MARTIN COMMUNITY HOSPITAL,201 MARIARDEN ROAD,DADEVILLE,AL,36853,TALLAPOOSA,2568257821,Acute Care Hospitals,Proprietary,Yes,Y,3.0,Same as the national average,,Same as the national average,Same as the national average,Below the national average,Above the national average,
010055,FLOWERS HOSPITAL,4370 WEST MAIN STREET,DOTHAN,AL,36305,HOUSTON,3347935000,Acute Care Hospitals,Proprietary,Yes,Y,4.0,Below the national average,Above the national average,Above the national average,Above the national average,Same as the national average,Above the national average,Same as the national average
010056,ST VINCENT'S BIRMINGHAM,810 ST VINCENT'S DRIVE,BIRMINGHAM,AL,35205,JEFFERSON,2059397000,Acute Care Hospitals,Voluntary non-profit - Private,Yes,Y,3.0,Same as the national average,Below the national average,Above the national average,Above the national average,Below the national average,Below the national average,Same as the national average
010058,BIBB MEDICAL CENTER,208 PIERSON AVE,CENTREVILLE,AL,35042,BIBB,2059264881,Acute Care Hospitals,Government - Hospital District or Authority,Yes,Y,,,,,,Same as the national average,Same as the national average,
010059,LAWRENCE MEDICAL CENTER,202 HOSPITAL STREET,MOULTON,AL,35650,LAWRENCE,2569742200,Acute Care Hospitals,Government - Hospital District or Authority,Yes,Y,4.0,Same as the national average,,Same as the national average,,Same as the national average,Above the national average,Same as the national average
010061,HIGHLANDS MEDICAL CENTER,380 WOODS COVE ROAD,SCOTTSBORO,AL,35768,JACKSON,2562594444,Acute Care Hospitals,Government - Hospital District or Authority,Yes,Y,3.0,Same as the national average,Same as the national average,Same as the national average,Same as the national average,Below the national average,Same as the national average,Same as the national average
010062,WIREGRASS MEDICAL CENTER,1200 W MAPLE AVENUE,GENEVA,AL,36340,GENEVA,3346843655,Acute Care Hospitals,Voluntary non-profit - Private,Yes,Y,3.0,Same as the national average,,Same as the national average,Same as the national average,Below the national average,Above the national average,
010065,RUSSELL HOSPITAL,3316 HIGHWAY 280,ALEXANDER CITY,AL,35010,TALLAPOOSA,2563297100,Acute Care Hospitals,Voluntary non-profit - Private,Yes,Y,3.0,Same as the national average,Below the national average,Same as the national average,Above the national average,Same as the national average,Same as the national average,Same as the national average
010069,MEDICAL CENTER BARBOUR,820 W WASHINGTON ST,EUFAULA,AL,36027,BARBOUR,3346887271,Acute Care Hospitals,Government - Hospital District or Authority,Yes,Y,3.0,Same as the national average,,Same as the national average,Same as the national average,Same as the national average,Above the national average,Same as the national average
010073,CLAY COUNTY HOSPITAL,83825 HIGHWAY 9 P O BOX 1270,ASHLAND,AL,36251,CLAY,2563542131,Acute Care Hospitals,Government - Hospital District or Authority,Yes,Y,3.0,Same as the national average,,Same as the national average,Same as the national average,Below the national average,Same as the national average,Same as the national average
010078,NORTHEAST ALABAMA REGIONAL MEDICAL CENTER,400 EAST 10TH STREET,ANNISTON,AL,36207,CALHOUN,2562355121,Acute Care Hospitals,Government - Local,Yes,Y,2.0,Same as the national average,Below the national average,Above the national average,Same as the national average,Same as the national average,Same as the national average,Same as the national average
010079,ATHENS LIMESTONE HOSPITAL,700 WEST MARKET STREET,ATHENS,AL,35611,LIMESTONE,2562339292,Acute Care Hospitals,Government - Hospital District or Authority,No,Y,2.0,Same as the national average,Same as the national average,Below the national average,Same as the national average,Same as the national average,Above the national average,Below the national average
010083,SOUTH BALDWIN REGIONAL MEDICAL CENTER,1613 NORTH MCKENZIE STREET,FOLEY,AL,36535,BALDWIN,2519493400,Acute Care Hospitals,Proprietary,Yes,Y,3.0,Same as the national average,Below the national average,Same as the national average,Above the national average,Same as the national average,Same as the national average,Below the national average
010085,DECATUR MORGAN HOSPITAL-DECATUR CAMPUS,1201 7TH STREET SE,DECATUR,AL,35601,MORGAN,2563412000,Acute Care Hospitals,Government - Hospital District or Authority,Yes,Y,2.0,Same as the national average,Below the national average,Above the national average,Below the national average,Below the national average,Same as the national average,Below the national average
010086,NORTHWEST MEDICAL CENTER,1530 U S HIGHWAY 43,WINFIELD,AL,35594,MARION,2054877736,Acute Care Hospitals,Proprietary,Yes,Y,4.0,Same as the national average,Same as the national average,Same as the national average,Above the national average,Same as the national average,Above the national average,Same as the national average
010087,UNIVERSITY OF SOUTH ALABAMA MEDICAL CENTER,2451 FILLINGIM STREET,MOBILE,AL,36617,MOBILE,2514717110,Acute Care Hospitals,Government - State,Yes,Y,3.0,Same as the national average,Same as the national average,Below the national average,Above the national average,Same as the national average,Below the national average,Below the national average
010089,WALKER BAPTIST MEDICAL CENTER,3400 HIGHWAY 78 EAST,JASPER,AL,35502,WALKER,2053874000,Acute Care Hospitals,Voluntary non-profit - Private,Yes,Y,3.0,Same as the national average,Above the national average,Same as the national average,Below the national average,Same as the national average,Above the national average,Same as the national average
010090,PROVIDENCE HOSPITAL,6801 AIRPORT BOULEVARD,MOBILE,AL,36608,MOBILE,2516331000,Acute Care Hospitals,Voluntary non-profit - Church,Yes,Y,2.0,Below the national average,Below the national average,Same as the national average,Below the national average,Same as the national average,Same as the national average,Below the national average
010091,GROVE HILL MEMORIAL HOSPITAL,295 JACKSON HWY S,GROVE HILL,AL,36451,CLARKE,2512753191,Acute Care Hospitals,Government - Hospital District or Authority,Yes,Y,3.0,Same as the national average,,Same as the national average,Same as the national average,Below the national average,Same as the national average,
010092,D C H REGIONAL MEDICAL CENTER,809 UNIVERSITY BOULEVARD EAST,TUSCALOOSA,AL,35401,TUSCALOOSA,2057597111,Acute Care Hospitals,Government - Hospital District or Authority,Yes,Y,2.0,Below the national average,Same as the national average,Below the national average,Same as the national average,Same as the national average,Below the national average,Above the national average
010095,HALE COUNTY HOSPITAL,508 GREEN STREET,GREENSBORO,AL,36744,HALE,3346243024,Acute Care Hospitals,Government - Local,Yes,Y,,,,,,Below the national average,Same as the national average,
010097,ELMORE COMMUNITY HOSPITAL,500 HOSPITAL DRIVE,WETUMPKA,AL,36092,ELMORE,3345674311,Acute Care Hospitals,Government - State,Yes,Y,3.0,Same as the national average,,Same as the national average,Same as the national average,Same as the national average,Above the national average,
010099,D W MCMILLAN MEMORIAL HOSPITAL,1301 BELLEVILLE AVENUE,BREWTON,AL,36426,ESCAMBIA,2518678061,Acute Care Hospitals,Government - Hospital District or Authority,Yes,Y,2.0,Same as the national average,,Same as the national average,Same as the national average,Same as the national average,Above the national average,Below the national average
010100,THOMAS HOSPITAL,750 MORPHY AVENUE,FAIRHOPE,AL,36532,BALDWIN,2519282375,Acute Care Hospitals,Government - Hospital District or Authority,Yes,Y,4.0,Same as the national average,Same as the national average,Above the national average,Above the national average,Same as the national average,Same as the national average,Below the national average
010101,CITIZENS BAPTIST MEDICAL CENTER,604 STONE AVENUE,TALLADEGA,AL,35161,TALLADEGA,2567614542,Acute Care Hospitals,Voluntary non-profit - Private,Yes,Y,3.0,Same as the national average,,Same as the national average,Below the national average,Same as the national average,Above the national average,Same as the national average
010102,J PAUL JONES HOSPITAL,317 MCWILLIAMS AVENUE,CAMDEN,AL,36726,WILCOX,3346824131,Acute Care Hospitals,Voluntary non-profit - Other,Yes,Y,,,,,,Same as the national average,Same as the national average,
010103,PRINCETON BAPTIST MEDICAL CENTER,701 PRINCETON AVENUE SOUTHWEST,BIRMINGHAM,AL,35211,JEFFERSON,2057833800,Acute Care Hospitals,Voluntary non-profit - Church,Yes,Y,3.0,Below the national average,Above the national average,Same as the national average,Above the national average,Same as the national average,Below the national average,Same as the national average
010104,GRANDVIEW MEDICAL CENTER,3690 GRANDVIEW PARKWAY,BIRMINGHAM,AL,35243,JEFFERSON,2055921000,Acute Care Hospitals,Proprietary,Yes,Y,2.0,Below the national average,Below the national average,Same as the national average,Above the national average,Same as the national average,Above the national average,Same as the national average
010108,PRATTVILLE BAPTIST HOSPITAL,124 S MEMORIAL DR,PRATTVILLE,AL,36067,AUTAUGA,3343614267,Acute Care Hospitals,Government - Hospital District or Authority,Yes,Y,4.0,Same as the national average,Same as the national average,Above the national average,Above the national average,Same as the national average,Below the national average,Same as the national average
010109,PICKENS COUNTY MEDICAL CENTER,241 ROBERT K WILSON DRIVE,CARROLLTON,AL,35447,PICKENS,2053678111,Acute Care Hospitals,Government - Hospital District or Authority,Yes,Y,3.0,Same as the national average,,Same as the national average,,Below the national average,Same as the national average,
010110,BULLOCK COUNTY HOSPITAL,102 WEST CONECUH AVENUE,UNION SPRINGS,AL,36089,BULLOCK,3347382140,Acute Care Hospitals,Proprietary,Yes,Y,3.0,Same as the national average,,Same as the national average,,Same as the national average,Above the national average,
010112,BRYAN W. WHITFIELD MEMORIAL HOSPITAL,105 HIGHWAY 80 EAST,DEMOPOLIS,AL,36732,MARENGO,3342894000,Acute Care Hospitals,Government - Hospital District or Authority,Yes,Y,3.0,Same as the national average,,Same as the national average,Below the national average,Same as the national average,Same as the national average,Same as the national average
010113,MOBILE INFIRMARY MEDICAL CENTER,5 MOBILE INFIRMARY CIRCLE,MOBILE,AL,36652,MOBILE,2514354700,Acute Care Hospitals,Voluntary non-profit - Private,Yes,Y,2.0,Same as the national average,Below the national average,Below the national average,Above the national average,Same as the national average,Below the national average,Below the national average
010114,"MEDICAL WEST, AN AFFILIATE OF UAB HEALTH SYSTEM",995 9TH AVENUE SOUTHWEST,BESSEMER,AL,35021,JEFFERSON,2054817000,Acute Care Hospitals,Government - Hospital District or Authority,Yes,Y,3.0,Same as the national average,Same as the national average,Above the national average,Below the national average,Same as the national average,Above the national average,Same as the national average
010118,VAUGHAN REGIONAL MEDICAL CENTER PARKWAY CAMPUS,1015 MEDICAL CENTER PARKWAY,SELMA,AL,36701,DALLAS,3344184100,Acute Care Hospitals,Proprietary,Yes,Y,3.0,Same as the national average,Above the national average,Same as the national average,Below the national average,Same as the national average,Same as the national average,Same as the national average
010120,MONROE COUNTY HOSPITAL,"2016 SOUTH ALABAMA AVENUE, BOX 886",MONROEVILLE,AL,36460,MONROE,2515753111,Acute Care Hospitals,Government - Local,Yes,Y,3.0,Same as the national average,,Same as the national average,Above the national average,Same as the national average,Above the national average,Same as the national average
010125,LAKELAND COMMUNITY HOSPITAL,42024 HIGHWAY 195 E,HALEYVILLE,AL,35565,WINSTON,2054857117,Acute Care Hospitals,Voluntary non-profit - Church,Yes,Y,5.0,Above the national average,,Above the national average,Same as the national average,Same as the national average,Above the national average,Same as the national average
010126,TROY REGIONAL MEDICAL CENTER,1330 HIGHWAY 231 SOUTH,TROY,AL,36081,PIKE,3346705000,Acute Care Hospitals,Government - Federal,Yes,Y,3.0,Same as the national average,Same as the national average,Same as the national average,Same as the national average,Same as the national average,Above the national average,Same as the national average
010128,JACKSON MEDICAL CENTER,220 HOSPITAL DRIVE,JACKSON,AL,36545,CLARKE,2512469021,Acute Care Hospitals,Proprietary,Yes,Y,3.0,Same as the national average,,Same as the national average,,Same as the national average,Same as the national average,
010129,NORTH BALDWIN INFIRMARY,1815 HAND AVENUE,BAY MINETTE,AL,36507,BALDWIN,2519375521,Acute Care Hospitals,Voluntary non-profit - Private,Yes,Y,2.0,Same as the national average,,Below the national average,Same as the national average,Same as the national average,Same as the national average,
010130,ST VINCENT'S ST CLAIR,7063 VETERANS PARKWAY,PELL CITY,AL,35125,SAINT CLAIR,2053383301,Acute Care Hospitals,Voluntary non-profit - Private,Yes,Y,3.0,Same as the national average,Same as the national average,Below the national average,Above the national average,Same as the national average,Above the national average,Below the national average
010131,CRESTWOOD MEDICAL CENTER,ONE HOSPITAL DR SE,HUNTSVILLE,AL,35801,MADISON,2568823100,Acute Care Hospitals,Proprietary,Yes,Y,3.0,Below the national average,Above the national average,Same as the national average,Same as the national average,Same as the national average,Same as the national average,Same as the national average
010138,HILL HOSPITAL OF SUMTER COUNTY,751 DERBY DRIVE,YORK,AL,36925,SUMTER,2053925263,Acute Care Hospitals,Voluntary non-profit - Other,Yes,Y,,,,,,Same as the national average,Same as the national average,
010139,BROOKWOOD MEDICAL CENTER,2010 BROOKWOOD MEDICAL CENTER DRIVE,BIRMINGHAM,AL,35209,JEFFERSON,2058771000,Acute Care Hospitals,Proprietary,Yes,Y,3.0,Same as the national average,Same as the national average,Same as the national average,Below the national average,Same as the national average,Same as the national average,Same as the national average
010144,SPRINGHILL MEMORIAL HOSPITAL,3719 DAUPHIN STREET,MOBILE,AL,36608,MOBILE,2513449630,Acute Care Hospitals,Proprietary,Yes,Y,2.0,Same as the national average,Below the national average,Same as the national average,Below the national average,Same as the national average,Same as the national average,Below the national average
010146,RMC JACKSONVILLE,1701 SOUTH PELHAM ROAD,JACKSONVILLE,AL,36265,CALHOUN,2567824538,Acute Care Hospitals,Proprietary,Yes,Y,3.0,Same as the national average,,Same as the national average,Same as the national average,Same as the national average,Same as the national average,Below the national average
010148,EVERGREEN MEDICAL CENTER,101 CRESTVIEW AVENUE,EVERGREEN,AL,36401,CONECUH,2515782480,Acute Care Hospitals,Proprietary,Yes,Y,3.0,Same as the national average,,Same as the national average,Above the national average,Same as the national average,Same as the national average,Same as the national average
010149,BAPTIST MEDICAL CENTER EAST,400 TAYLOR ROAD,MONTGOMERY,AL,36117,MONTGOMERY,3342448330,Acute Care Hospitals,Government - Hospital District or Authority,Yes,Y,5.0,Same as the national average,Above the national average,Above the national average,Above the national average,Same as the national average,Below the national average,Same as the national average
010150,L V STABLER MEMORIAL HOSPITAL,29 L V STABLER DRIVE,GREENVILLE,AL,36037,BUTLER,3343822200,Acute Care Hospitals,Proprietary,Yes,Y,3.0,Same as the national average,Same as the national average,Same as the national average,Same as the national average,Same as the national average,Above the national average,Same as the national average
010157,SHOALS HOSPITAL,201 WEST AVALON AVENUE,MUSCLE SHOALS,AL,35661,COLBERT,2563861601,Acute Care Hospitals,Government - Hospital District or Authority,Yes,Y,3.0,Same as the national average,Same as the national average,Same as the national average,Below the national average,Same as the national average,Same as the national average,Below the national average
010158,RUSSELLVILLE HOSPITAL,15155 HIGHWAY 43,RUSSELLVILLE,AL,35653,FRANKLIN,2563321611,Acute Care Hospitals,Proprietary,Yes,Y,3.0,Same as the national average,Same as the national average,Below the national average,Same as the national average,Same as the national average,Above the national average,Same as the national average
010164,COOSA VALLEY MEDICAL CENTER,315 W HICKORY ST,SYLACAUGA,AL,35150,TALLADEGA,2562495000,Acute Care Hospitals,Voluntary non-profit - Other,Yes,Y,3.0,Same as the national average,Below the national average,Same as the national average,Same as the national average,Same as the national average,Same as the national average,Same as the national average
010168,JACK HUGHSTON MEMORIAL HOSPITAL,4401 RIVER CHASE DRIVE,PHENIX CITY,AL,36867,RUSSELL,3347323000,Acute Care Hospitals,Government - State,Yes,Y,4.0,,Above the national average,Same as the national average,Above the national average,Same as the national average,Same as the national average,
010169,ATMORE COMMUNITY HOSPITAL,401 MEDICAL PARK DRIVE,ATMORE,AL,36502,ESCAMBIA,2513682500,Acute Care Hospitals,Government - Hospital District or Authority,Yes,Y,4.0,Same as the national average,,Same as the national average,Above the national average,Same as the national average,Above the national average,
010172,NORTH ALABAMA SPECIALITY HOSPITAL,"700 WEST MARKET STREET, 2ND FLOOR",ATHENS,AL,35611,LIMESTONE,2562339292,Acute Care Hospitals,Proprietary,No,,,,,,,,,
011300,WASHINGTON COUNTY HOSPITAL,14600 ST. STEPHENS AVENUE,CHATOM,AL,36518,WASHINGTON,2518472223,Critical Access Hospitals,Proprietary,Yes,Y,,,,,,Same as the national average,Above the national average,
011302,RED BAY HOSPITAL,211 HOSPITAL ROAD,RED BAY,AL,35582,FRANKLIN,2563569532,Critical Access Hospitals,Government - Hospital District or Authority,Yes,Y,,,,Same as the national average,,,,
011304,CHOCTAW GENERAL HOSPITAL,"401 VANITY FAIR LANE, PO BOX 618",BUTLER,AL,36904,CHOCTAW,2054599100,Critical Access Hospitals,Voluntary non-profit - Private,Yes,Y,,,,,,,Same as the national average,
011305,ST VINCENTS BLOUNT,150 GILBREATH DRIVE,ONEONTA,AL,35121,BLOUNT,2052743000,Critical Access Hospitals,Voluntary non-profit - Private,No,Y,3.0,Same as the national average,,Same as the national average,Above the national average,Same as the national average,Same as the national average,
013300,CHILDREN'S HOSPITAL OF ALABAMA,1600 SEVENTH AVENUE SOUTH,BIRMINGHAM,AL,35233,JEFFERSON,2059399100,Childrens,Voluntary non-profit - Private,Yes,Y,,,,,,,,
013301,UNIVERSITY OF S A CHILDREN'S AND WOMEN'S HOS,1700 CENTER STREET,MOBILE,AL,36604,MOBILE,2514151000,Childrens,Government - State,Yes,Y,,,,,,,,
020001,PROVIDENCE ALASKA MEDICAL CENTER,3200 PROVIDENCE DRIVE,ANCHORAGE,AK,99508,ANCHORAGE,9075622211,Acute Care Hospitals,Voluntary non-profit - Church,Yes,Y,3.0,Same as the national average,Below the national average,Above the national average,Same as the national average,Same as the national average,Below the national average,Same as the national average
020006,MAT-SU REGIONAL MEDICAL CENTER,2500 SOUTH WOODWORTH LOOP,PALMER,AK,99645,MATANUSKA SUSITNA,9078616000,Acute Care Hospitals,Voluntary non-profit - Private,Yes,Y,3.0,Same as the national average,Same as the national average,Same as the national average,Below the national average,Same as the national average,Same as the national average,Same as the national average
020008,BARTLETT REGIONAL HOSPITAL,3260 HOSPITAL DR,JUNEAU,AK,99801,JUNEAU,9077968900,Acute Care Hospitals,Government - Local,Yes,Y,3.0,Same as the national average,Same as the national average,Same as the national average,Same as the national average,Same as the national average,Same as the national average,
020012,FAIRBANKS MEMORIAL HOSPITAL,1650 COWLES STREET,FAIRBANKS,AK,99701,FAIRBANKS NORTH STAR,9074528181,Acute Care Hospitals,Voluntary non-profit - Other,Yes,Y,3.0,Same as the national average,Below the national average,Above the national average,Above the national average,Same as the national average,Same as the national average,Same as the national average
020017,ALASKA REGIONAL HOSPITAL,2801 DEBARR ROAD,ANCHORAGE,AK,99508,ANCHORAGE,9072761131,Acute Care Hospitals,Proprietary,Yes,Y,3.0,Same as the national average,Below the national average,Above the national average,Same as the national average,Same as the national average,Same as the national average,
020018,YUKON KUSKOKWIM DELTA REG HOSPITAL,PO BOX 287,BETHEL,AK,99559,BETHEL,9075436300,Acute Care Hospitals,Tribal,Yes,Y,3.0,Same as the national average,,Same as the national average,Below the national average,,,
020026,ALASKA NATIVE MEDICAL CENTER,4315 DIPLOMACY DR,ANCHORAGE,AK,99508,ANCHORAGE,9075632662,Acute Care Hospitals,Government - Federal,Yes,Y,2.0,Same as the national average,Below the national average,Same as the national average,Below the national average,Below the national average,,
021303,SITKA COMMUNITY HOSPITAL,209 MOLLER DRIVE,SITKA,AK,99835,SITKA,9077473241,Critical Access Hospitals,Government - Local,Yes,Y,,,,,,,,
021306,PROVIDENCE KODIAK ISLAND MEDICAL CTR,1915 EAST REZANOF DRIVE,KODIAK,AK,99615,KODIAK ISLAND,9074869592,Critical Access Hospitals,Voluntary non-profit - Church,Yes,Y,,,,Same as the national average,,,,
021308,NORTON SOUND REGIONAL HOSPITAL,1000 GREG KRUSCHEK AVENUE (P O BOX 966),NOME,AK,99762,NOME,9074433311,Critical Access Hospitals,Tribal,Yes,Y,,,,,,,,
021309,KANAKANAK HOSPITAL,P O BOX 130,DILLINGHAM,AK,99576,DILLINGHAM,9078425201,Critical Access Hospitals,Voluntary non-profit - Private,Yes,Y,,,,,,,,
021310,MANIILAQ HEALTH CENTER,PO BOX 43,KOTZEBUE,AK,99752,NORTHWEST ARCTIC,9074423321,Critical Access Hospitals,Tribal,Yes,Y,,,,,,,,
021311,PEACEHEALTH KETCHIKAN MEDICAL CENTER,3100 TONGASS AVENUE,KETCHIKAN,AK,99901,KETCHIKAN GATEWAY,9072255171,Critical Access Hospitals,Voluntary non-profit - Church,Yes,Y,3.0,,,Same as the national average,Same as the national average,Same as the national average,Same as the national average,
021314,MT EDGECUMBE HOSPITAL,222 TONGASS DR,SITKA,AK,99835,SITKA,9079662411,Critical Access Hospitals,Voluntary non-profit - Private,Yes,,,,,,,,,
030001,ABRAZO MARYVALE CAMPUS,5102 WEST CAMPBELL AVENUE,PHOENIX,AZ,85031,MARICOPA,6238485000,Acute Care Hospitals,Proprietary,Yes,Y,2.0,Same as the national average,Same as the national average,Same as the national average,Below the national average,Same as the national average,Same as the national average,
030002,BANNER - UNIVERSITY MEDICAL CENTER PHOENIX,1111 EAST MCDOWELL ROAD,PHOENIX,AZ,85006,MARICOPA,6022392000,Acute Care Hospitals,Voluntary non-profit - Other,Yes,Y,3.0,Same as the national average,Same as the national average,Same as the national average,Same as the national average,Same as the national average,Below the national average,Same as the national average
030006,TUCSON MEDICAL CENTER,5301 EAST GRANT ROAD,TUCSON,AZ,85712,PIMA,5203275461,Acute Care Hospitals,Voluntary non-profit - Private,Yes,Y,3.0,Same as the national average,Above the national average,Above the national average,Below the national average,Same as the national average,Below the national average,Same as the national average
030007,VERDE VALLEY MEDICAL CENTER,269 SOUTH CANDY LANE,COTTONWOOD,AZ,86326,YAVAPAI,9286396058,Acute Care Hospitals,Voluntary non-profit - Private,Yes,Y,4.0,Same as the national average,Same as the national average,Above the national average,Above the national average,Same as the national average,Same as the national average,Above the national average
030010,ST. MARY'S HOSPITAL,1601 WEST ST MARY'S ROAD,TUCSON,AZ,85745,PIMA,5208723000,Acute Care Hospitals,Voluntary non-profit - Private,Yes,Y,3.0,Same as the national average,Above the national average,Above the national average,Below the national average,Above the national average,Below the national average,Same as the national average
030011,ST JOSEPH'S HOSPITAL,350 NORTH WILMOT ROAD,TUCSON,AZ,85711,PIMA,5208733000,Acute Care Hospitals,Voluntary non-profit - Other,Yes,Y,3.0,Below the national average,Above the national average,Above the national average,Below the national average,Same as the national average,Below the national average,Same as the national average
030012,YAVAPAI REGIONAL MEDICAL CENTER,1003 WILLOW CREEK ROAD,PRESCOTT,AZ,86301,YAVAPAI,9284452700,Acute Care Hospitals,Government - Local,Yes,Y,2.0,Below the national average,Below the national average,Same as the national average,Above the national average,Same as the national average,Same as the national average,Same as the national average
030013,YUMA REGIONAL MEDICAL CENTER,2400 SOUTH AVENUE A,YUMA,AZ,85364,YUMA,9283367600,Acute Care Hospitals,Voluntary non-profit - Private,Yes,Y,2.0,Same as the national average,Above the national average,Below the national average,Below the national average,Same as the national average,Below the national average,Below the national average
030014,JOHN C. LINCOLN MEDICAL CENTER,250 EAST DUNLAP AVENUE,PHOENIX,AZ,85020,MARICOPA,6023315862,Acute Care Hospitals,Voluntary non-profit - Private,Yes,Y,3.0,Same as the national average,Same as the national average,Above the national average,Below the national average,Same as the national average,Same as the national average,Same as the national average
030016,BANNER CASA GRANDE MEDICAL CENTER,1800 EAST FLORENCE BOULEVARD,CASA GRANDE,AZ,85222,PINAL,5203816300,Acute Care Hospitals,Voluntary non-profit - Other,Yes,Y,2.0,Same as the national average,Below the national average,Same as the national average,Below the national average,Same as the national average,Same as the national average,Below the national average
030022,MARICOPA MEDICAL CENTER,2601 EAST ROOSEVELT STREET,PHOENIX,AZ,85008,MARICOPA,6023445011,Acute Care Hospitals,Government - Local,Yes,Y,2.0,,Below the national average,Same as the national average,Below the national average,Same as the national average,Same as the national average,
030023,FLAGSTAFF MEDICAL CENTER,1200 NORTH BEAVER STREET,FLAGSTAFF,AZ,86001,COCONINO,9287793366,Acute Care Hospitals,Voluntary non-profit - Private,Yes,Y,4.0,Same as the national average,Below the national average,Above the national average,Above the national average,Same as the national average,Below the national average,Same as the national average
030024,ST. JOSEPH'S HOSPITAL AND MEDICAL CENTER,350 WEST THOMAS ROAD,PHOENIX,AZ,85013,MARICOPA,6024065001,Acute Care Hospitals,Voluntary non-profit - Church,Yes,Y,3.0,Above the national average,Below the national average,Above the national average,Same as the national average,Same as the national average,Below the national average,Same as the national average
030030,ABRAZO CENTRAL CAMPUS,2000 WEST BETHANY HOME ROAD,PHOENIX,AZ,85015,MARICOPA,6022490212,Acute Care Hospitals,Proprietary,Yes,Y,2.0,Same as the national average,Above the national average,Below the national average,Below the national average,Below the national average,Same as the national average,
030033,BANNER PAYSON MEDICAL CENTER,807 SOUTH PONDEROSA DRIVE,PAYSON,AZ,85541,GILA,9284743222,Acute Care Hospitals,Voluntary non-profit - Other,Yes,Y,3.0,Same as the national average,Same as the national average,Same as the national average,Below the national average,Same as the national average,Same as the national average,Same as the national average
030036,CHANDLER REGIONAL MEDICAL CENTER,1955 WEST FRYE ROAD,CHANDLER,AZ,85224,MARICOPA,4807283000,Acute Care Hospitals,Voluntary non-profit - Other,Yes,Y,4.0,Above the national average,Below the national average,Above the national average,Below the national average,Same as the national average,Below the national average,Above the national average
030037,ST LUKE'S MEDICAL CENTER,1800 EAST VAN BUREN STREET,PHOENIX,AZ,85006,MARICOPA,6022518156,Acute Care Hospitals,Proprietary,Yes,Y,3.0,Same as the national average,Above the national average,Above the national average,Below the national average,Same as the national average,Below the national average,
030038,SCOTTSDALE OSBORN MEDICAL CENTER,7400 EAST OSBORN ROAD,SCOTTSDALE,AZ,85251,MARICOPA,4808824004,Acute Care Hospitals,Proprietary,Yes,Y,3.0,Same as the national average,Below the national average,Same as the national average,Below the national average,Same as the national average,Above the national average,Above the national average
030043,CANYON VISTA MEDICAL CENTER,5700 EAST HIGHWAY 90,SIERRA VISTA,AZ,85635,COCHISE,5204173001,Acute Care Hospitals,Voluntary non-profit - Other,Yes,Y,1.0,Same as the national average,Below the national average,Same as the national average,Below the national average,Same as the national average,Below the national average,Same as the national average
030055,KINGMAN REGIONAL MEDICAL CENTER,3269 STOCKTON HILL ROAD,KINGMAN,AZ,86409,MOHAVE,9287572101,Acute Care Hospitals,Government - Hospital District or Authority,Yes,Y,2.0,Above the national average,Same as the national average,Below the national average,Same as the national average,Same as the national average,Same as the national average,Below the national average
030061,BANNER BOSWELL MEDICAL CENTER,10401 WEST THUNDERBIRD BOULEVARD,SUN CITY,AZ,85351,MARICOPA,6238324000,Acute Care Hospitals,Voluntary non-profit - Other,Yes,Y,4.0,Same as the national average,Above the national average,Above the national average,Same as the national average,Same as the national average,Same as the national average,Above the national average
030062,SUMMIT HEALTHCARE REGIONAL MEDICAL CENTER,2200 EAST SHOW LOW LAKE ROAD,SHOW LOW,AZ,85901,NAVAJO,9285376399,Acute Care Hospitals,Voluntary non-profit - Private,Yes,Y,4.0,Same as the national average,Below the national average,Above the national average,Same as the national average,Below the national average,Same as the national average,Below the national average
030064,BANNER-UNIVERSITY MEDICAL CENTER TUCSON CAMPUS,1501 NORTH CAMPBELL AVENUE,TUCSON,AZ,85724,PIMA,5208744189,Acute Care Hospitals,Voluntary non-profit - Private,Yes,Y,1.0,Same as the national average,Below the national average,Below the national average,Below the national average,Same as the national average,Below the national average,Above the national average
030065,BANNER DESERT MEDICAL CENTER,1400 SOUTH DOBSON ROAD,MESA,AZ,85202,MARICOPA,4804123000,Acute Care Hospitals,Voluntary non-profit - Private,Yes,Y,3.0,Same as the national average,Above the national average,Below the national average,Below the national average,Same as the national average,Same as the national average,Same as the national average
030068,MT. GRAHAM REGIONAL MEDICAL CENTER,1600 SOUTH 20TH AVENUE,SAFFORD,AZ,85546,GRAHAM,9283484000,Acute Care Hospitals,Government - Hospital District or Authority,Yes,Y,3.0,Same as the national average,Same as the national average,Same as the national average,Same as the national average,Below the national average,Same as the national average,Same as the national average
030069,HAVASU REGIONAL MEDICAL CENTER,101 CIVIC CENTER LANE,LAKE HAVASU CITY,AZ,86403,MOHAVE,9288558185,Acute Care Hospitals,Proprietary,Yes,Y,2.0,Same as the national average,Same as the national average,Below the national average,Below the national average,Same as the national average,Above the national average,Below the national average
030071,FORT DEFIANCE INDIAN HOSPITAL,PO BOX 649,FORT DEFIANCE,AZ,86504,APACHE,9287298000,Acute Care Hospitals,Government - Federal,Yes,Y,,,,Same as the national average,,Same as the national average,,
030073,TUBA CITY REGIONAL HEALTH CARE CORPORATION,PO BOX 600,TUBA CITY,AZ,86045,COCONINO,9282832501,Acute Care Hospitals,Voluntary non-profit - Other,No,Y,3.0,,Same as the national average,Same as the national average,Below the national average,Same as the national average,,
030074,SELLS HOSPITAL,"HIGHWAY 86, AT TOPAWA ROAD",SELLS,AZ,85634,PIMA,5203627003,Acute Care Hospitals,Tribal,Yes,Y,,,,,,,,
030077,SAN CARLOS APACHE HEALTHCARE,103 MEDICINE WAY ROAD,PERIDOT,AZ,85542,GILA,9284751200,Acute Care Hospitals,Government - Federal,No,Y,,,,,,,,
030078,PHOENIX INDIAN MEDICAL CENTER,4212 NORTH 16TH STREET,PHOENIX,AZ,85016,MARICOPA,6022631200,Acute Care Hospitals,Government - Federal,No,Y,,,,,Same as the national average,Same as the national average,,
030083,ABRAZO SCOTTSDALE CAMPUS,3929 EAST BELL ROAD,PHOENIX,AZ,85032,MARICOPA,6029235000,Acute Care Hospitals,Proprietary,Yes,Y,2.0,Same as the national average,Same as the national average,Same as the national average,Below the national average,Same as the national average,Same as the national average,
030084,CHINLE COMPREHENSIVE HEALTH CARE FACILITY,"US HWY 191, HOSPITAL ROAD",CHINLE,AZ,86503,APACHE,9286747001,Acute Care Hospitals,Government - Federal,Yes,Y,3.0,,,Same as the national average,Same as the national average,Below the national average,,
030085,NORTHWEST MEDICAL CENTER,6200 NORTH LA CHOLLA BOULEVARD,TUCSON,AZ,85741,PIMA,5204698100,Acute Care Hospitals,Proprietary,Yes,Y,3.0,Below the national average,Above the national average,Above the national average,Below the national average,Same as the national average,Below the national average,Same as the national average
030087,SCOTTSDALE SHEA MEDICAL CENTER,9003 EAST SHEA BOULEVARD,SCOTTSDALE,AZ,85260,MARICOPA,4803233000,Acute Care Hospitals,Proprietary,Yes,Y,3.0,Same as the national average,Below the national average,Above the national average,Above the national average,Below the national average,Above the national average,Above the national average
030088,BANNER BAYWOOD MEDICAL CENTER,6644 EAST BAYWOOD AVENUE,MESA,AZ,85206,MARICOPA,4806845898,Acute Care Hospitals,Voluntary non-profit - Private,No,Y,4.0,Above the national average,Above the national average,Above the national average,Below the national average,Same as the national average,Same as the national average,Above the national average
030089,BANNER THUNDERBIRD MEDICAL CENTER,5555 WEST THUNDERBIRD ROAD,GLENDALE,AZ,85306,MARICOPA,4806845898,Acute Care Hospitals,Government - Hospital District or Authority,Yes,Y,3.0,Same as the national average,Below the national average,Above the national average,Same as the national average,Same as the national average,Below the national average,Above the national average
030092,HONORHEALTH DEER VALLEY MEDICAL CENTER,19829 NORTH 27TH AVENUE,PHOENIX,AZ,85027,MARICOPA,6238796100,Acute Care Hospitals,Voluntary non-profit - Private,Yes,Y,3.0,Same as the national average,Above the national average,Same as the national average,Below the national average,Same as the national average,Same as the national average,Same as the national average
030093,BANNER DEL E. WEBB MEDICAL CENTER,14502 WEST MEEKER BOULEVARD,SUN CITY WEST,AZ,85375,MARICOPA,6235244000,Acute Care Hospitals,Voluntary non-profit - Private,Yes,Y,4.0,Same as the national average,Above the national average,Above the national average,Below the national average,Same as the national average,Same as the national average,Same as the national average
030094,ABRAZO ARROWHEAD CAMPUS,18701 NORTH 67TH AVENUE,GLENDALE,AZ,85308,MARICOPA,6235611000,Acute Care Hospitals,Proprietary,Yes,Y,3.0,Same as the national average,Same as the national average,Same as the national average,Below the national average,Below the national average,Same as the national average,
030101,WESTERN ARIZONA REGIONAL MEDICAL CENTER,2735 SILVER CREEK ROAD,BULLHEAD CITY,AZ,86442,MOHAVE,9287632273,Acute Care Hospitals,Proprietary,Yes,Y,2.0,Same as the national average,Above the national average,Below the national average,Below the national average,Same as the national average,Below the national average,Below the national average
030103,MAYO CLINIC HOSPITAL,5777 EAST MAYO BOULEVARD,PHOENIX,AZ,85054,MARICOPA,4803424201,Acute Care Hospitals,Voluntary non-profit - Private,Yes,Y,5.0,Above the national average,Above the national average,Above the national average,Above the national average,Same as the national average,Same as the national average,Same as the national average
030105,BANNER HEART HOSPITAL,6750 EAST BAYWOOD AVENUE,MESA,AZ,85206,MARICOPA,4808545050,Acute Care Hospitals,Voluntary non-profit - Private,No,Y,5.0,Above the national average,Above the national average,Above the national average,Above the national average,,,
030107,ARIZONA SPINE AND JOINT HOSPITAL,4620 EAST BASELINE ROAD,MESA,AZ,85206,MARICOPA,4808324770,Acute Care Hospitals,Proprietary,No,Y,,,,,Above the national average,,,
030108,"CORE INSTITUTE SPECIALTY HOSPITAL, THE",6501 NORTH 19TH AVENUE,PHOENIX,AZ,85015,MARICOPA,6027956020,Acute Care Hospitals,Proprietary,No,Y,,,,,Above the national average,,,
030110,ABRAZO WEST CAMPUS,13677 WEST MCDOWELL ROAD,GOODYEAR,AZ,85395,MARICOPA,6238821515,Acute Care Hospitals,Proprietary,Yes,Y,2.0,Same as the national average,Below the national average,Same as the national average,Below the national average,Below the national average,Same as the national average,Same as the national average
030111,BANNER-UNIVERSITY MEDICAL CENTER SOUTH CAMPUS,2800 EAST AJO WAY,TUCSON,AZ,85713,PIMA,5208742000,Acute Care Hospitals,Voluntary non-profit - Private,Yes,Y,2.0,Same as the national average,Below the national average,Same as the national average,Below the national average,Same as the national average,Below the national average,Same as the national average
030112,ARIZONA SPECIALTY HOSPITAL,"2905 WEST WARNER ROAD, SUITE 1",CHANDLER,AZ,85224,MARICOPA,4806039000,Acute Care Hospitals,Proprietary,No,Y,,,,,Above the national average,,,
030113,WHITERIVER PHS INDIAN HOSPITAL,200 WEST HOSPITAL DRIVE (PO BOX 860),WHITERIVER,AZ,85941,NAVAJO,9283384911,Acute Care Hospitals,Government - Federal,No,Y,,,,,,Same as the national average,,
030114,ORO VALLEY HOSPITAL,1551 EAST TANGERINE ROAD,ORO VALLEY,AZ,85755,PIMA,5209013549,Acute Care Hospitals,Proprietary,Yes,Y,3.0,Same as the national average,Below the national average,Same as the national average,Same as the national average,Same as the national average,Below the national average,Same as the national average
030115,BANNER ESTRELLA MEDICAL CENTER,9201 WEST THOMAS ROAD,PHOENIX,AZ,85037,MARICOPA,6233274000,Acute Care Hospitals,Voluntary non-profit - Private,Yes,Y,4.0,Same as the national average,Same as the national average,Above the national average,Same as the national average,Same as the national average,Below the national average,Above the national average
030117,VALLEY VIEW MEDICAL CENTER,5330 SOUTH HIGHWAY 95,FORT MOHAVE,AZ,86426,MOHAVE,9287887252,Acute Care Hospitals,Proprietary,Yes,Y,3.0,Same as the national average,Same as the national average,Same as the national average,Same as the national average,Same as the national average,Same as the national average,Below the national average
030119,MERCY GILBERT MEDICAL CENTER,3555 SOUTH VAL VISTA DRIVE,GILBERT,AZ,85296,MARICOPA,4807288000,Acute Care Hospitals,Voluntary non-profit - Church,Yes,Y,4.0,Above the national average,Above the national average,Same as the national average,Below the national average,Same as the national average,Same as the national average,Above the national average
030120,GILBERT HOSPITAL,5656 SOUTH POWER ROAD,GILBERT,AZ,85295,MARICOPA,4808403715,Acute Care Hospitals,Proprietary,Yes,Y,,,,,Below the national average,Same as the national average,Same as the national average,
030121,"MOUNTAIN VISTA MEDICAL CENTER, LP",1301 SOUTH CRISMON ROAD,MESA,AZ,85209,MARICOPA,4803586100,Acute Care Hospitals,Proprietary,Yes,Y,1.0,Same as the national average,Below the national average,Same as the national average,Below the national average,Same as the national average,Below the national average,Same as the national average
030122,BANNER GATEWAY MEDICAL CENTER,1900 NORTH HIGLEY ROAD,GILBERT,AZ,85234,MARICOPA,4805432000,Acute Care Hospitals,Voluntary non-profit - Other,Yes,Y,3.0,Same as the national average,Same as the national average,Below the national average,Above the national average,Same as the national average,Same as the national average,Above the national average
030123,SCOTTSDALE THOMPSON PEAK MEDICAL CENTER,7400 EAST THOMPSON PEAK PARKWAY,SCOTTSDALE,AZ,85255,MARICOPA,4803247004,Acute Care Hospitals,Proprietary,Yes,Y,4.0,Above the national average,Same as the national average,Above the national average,Above the national average,Same as the national average,Above the national average,Above the national average
030130,BANNER IRONWOOD MEDICAL CENTER,37000 NORTH GANTZEL ROAD,SAN TAN VALLEY,AZ,85140,PINAL,4803944030,Acute Care Hospitals,Voluntary non-profit - Private,Yes,Y,4.0,Same as the national average,Same as the national average,Same as the national average,Above the national average,Same as the national average,Same as the national average,
030131,O.A.S.I.S. HOSPITAL,750 NORTH 40TH STREET,PHOENIX,AZ,85008,MARICOPA,6027977700,Acute Care Hospitals,Voluntary non-profit - Private,No,Y,,,Above the national average,,Above the national average,,,
030132,"FLORENCE HOSPITAL AT ANTHEM, LLC",4545 NORTH HUNT HIGHWAY,FLORENCE,AZ,85132,PINAL,5204242060,Acute Care Hospitals,Proprietary,Yes,Y,3.0,,,Same as the national average,Same as the national average,Same as the national average,Above the national average,
030134,BANNER GOLDFIELD MEDICAL CENTER,2050 WEST SOUTHERN AVENUE,APACHE JUNCTION,AZ,85120,PINAL,4807333300,Acute Care Hospitals,Voluntary non-profit - Other,Yes,Y,3.0,,,Same as the national average,Above the national average,Same as the national average,Above the national average,
030136,DIGNITY HEALTH - ARIZONA GENERAL HOSPITAL,7171 SOUTH 51ST AVENUE,LAVEEN,AZ,85339,MARICOPA,6235845100,Acute Care Hospitals,Proprietary,Yes,,,,,,,Same as the national average,Same as the national average,
030137,GREEN VALLEY HOSPITAL,4455 SOUTH I-19 FRONTAGE ROAD,GREEN VALLEY,AZ,85614,PIMA,5203934710,Acute Care Hospitals,Proprietary,Yes,,,,,,,Same as the national average,Same as the national average,
031300,WICKENBURG COMMUNITY HOSPITAL,520 ROSE LANE,WICKENBURG,AZ,85390,MARICOPA,9286845421,Critical Access Hospitals,Voluntary non-profit - Private,Yes,Y,3.0,,,Same as the national average,Same as the national average,,,Same as the national average
031301,BENSON HOSPITAL,450 SOUTH OCOTILLO AVENUE,BENSON,AZ,85602,COCHISE,5205862261,Critical Access Hospitals,Government - Hospital District or Authority,Yes,Y,,,,Same as the national average,,,,
031302,"NORTHERN COCHISE COMMUNITY HOSPITAL, INC.",901 WEST REX ALLEN DRIVE,WILLCOX,AZ,85643,COCHISE,5203843541,Critical Access Hospitals,Government - Hospital District or Authority,Yes,Y,,,,Same as the national average,,,,
031304,PAGE HOSPITAL,501 NORTH NAVAJO DRIVE,PAGE,AZ,86040,COCONINO,9286452424,Critical Access Hospitals,Government - Hospital District or Authority,Yes,Y,,,,,Above the national average,Same as the national average,Above the national average,
031305,HOPI HEALTH CARE CENTER,"HIGHWAY 264, MILEPOST 388",POLACCA,AZ,86042,NAVAJO,9287376000,Critical Access Hospitals,Tribal,No,Y,,,,,,,,
031307,PARKER INDIAN HEALTH CENTER,12033 AGENCY ROAD,PARKER,AZ,85344,LA PAZ,9286692137,Critical Access Hospitals,Government - Federal,Yes,Y,,,,,,,,
031308,HUHU KAM MEMORIAL HOSPITAL,483 WEST SEED FARM ROAD,SACATON,AZ,85147,PINAL,5205623321,Critical Access Hospitals,Government - Hospital District or Authority,Yes,Y,,,,,,,,
031309,SAGE MEMORIAL HOSPITAL,STATE ROUTE 264 SOUTH 191,GANADO,AZ,86505,APACHE,9287554541,Critical Access Hospitals,Voluntary non-profit - Private,No,,,,,,,,Same as the national average,
031311,LITTLE COLORADO MEDICAL CENTER,1501 NORTH WILLIAMSON AVENUE,WINSLOW,AZ,86047,NAVAJO,9282894691,Critical Access Hospitals,Voluntary non-profit - Private,Yes,Y,,,,Same as the national average,Same as the national average,,,
031312,COPPER QUEEN COMMUNITY HOSPITAL,101 COLE AVENUE,BISBEE,AZ,85603,COCHISE,5204326401,Critical Access Hospitals,Voluntary non-profit - Private,Yes,Y,,,,Same as the national average,,,,
031313,HOLY CROSS HOSPITAL,1171 WEST TARGET RANGE ROAD,NOGALES,AZ,85621,SANTA CRUZ,5202853000,Critical Access Hospitals,Proprietary,Yes,Y,,,,,Below the national average,Same as the national average,Same as the national average,
031314,COBRE VALLEY REGIONAL MEDICAL CENTER,5880 SOUTH HOSPITAL DRIVE,GLOBE,AZ,85501,GILA,9284021122,Critical Access Hospitals,Voluntary non-profit - Private,Yes,Y,3.0,Above the national average,,Same as the national average,Below the national average,,Same as the national average,Same as the national average
031315,WHITE MOUNTAIN REGIONAL MEDICAL CENTER,118 SOUTH MOUNTAIN AVENUE,SPRINGERVILLE,AZ,85938,APACHE,9283334368,Critical Access Hospitals,Voluntary non-profit - Private,Yes,Y,,,,,,,,Same as the national average
031317,LA PAZ REGIONAL HOSPITAL,1200 WEST MOHAVE ROAD,PARKER,AZ,85344,LA PAZ,9286699201,Critical Access Hospitals,Voluntary non-profit - Private,Yes,Y,3.0,Same as the national average,,Same as the national average,Same as the national average,,,
033301,"LOS NINOS HOSPITAL, INC.",2303 EAST THOMAS,PHOENIX,AZ,85016,MARICOPA,6029547311,Childrens,Voluntary non-profit - Private,No,Y,,,,,,,,
033302,PHOENIX CHILDREN'S HOSPITAL,1919 EAST THOMAS ROAD,PHOENIX,AZ,85016,MARICOPA,6029331000,Childrens,Voluntary non-profit - Private,No,Y,,,,,,,,
033303,"HACIENDA CHILDREN'S HOSPITAL, INC.",610 WEST JEROME AVENUE,MESA,AZ,85210,MARICOPA,6022434231,Childrens,Proprietary,No,Y,,,,,,,,
040001,SILOAM SPRINGS REGIONAL HOSPITAL,603 NORTH PROGRESS AVENUE,SILOAM SPRINGS,AR,72761,BENTON,4795244141,Acute Care Hospitals,Voluntary non-profit - Other,Yes,Y,3.0,Same as the national average,,Same as the national average,Same as the national average,Same as the national average,Same as the national average,Same as the national average
040002,JOHNSON REGIONAL MEDICAL CENTER,1100 EAST POPLAR STREET,CLARKSVILLE,AR,72830,JOHNSON,4797545454,Acute Care Hospitals,Voluntary non-profit - Private,Yes,Y,3.0,Same as the national average,Same as the national average,Same as the national average,Same as the national average,Below the national average,Same as the national average,
040004,WASHINGTON REGIONAL MEDICAL CENTER,3215 N NORTH HILLS BOULEVARD,FAYETTEVILLE,AR,72703,WASHINGTON,4794635113,Acute Care Hospitals,Voluntary non-profit - Private,Yes,Y,3.0,Below the national average,Above the national average,Above the national average,Same as the national average,Same as the national average,Same as the national average,Same as the national average
040007,CHI-ST VINCENT INFIRMARY,TWO ST VINCENT CIRCLE,LITTLE ROCK,AR,72205,PULASKI,5015523000,Acute Care Hospitals,Voluntary non-profit - Private,Yes,Y,2.0,Below the national average,Below the national average,Below the national average,Below the national average,Same as the national average,Same as the national average,Same as the national average
040010,MERCY HOSPITAL NORTHWEST ARKANSAS,2710 SOUTH RIFE MEDICAL LANE,ROGERS,AR,72758,BENTON,4793388000,Acute Care Hospitals,Voluntary non-profit - Church,Yes,Y,4.0,Same as the national average,Above the national average,Above the national average,Same as the national average,Above the national average,Same as the national average,Same as the national average
040011,CHAMBERS MEMORIAL HOSPITAL,719 DETROIT STREET,DANVILLE,AR,72833,YELL,4794952241,Acute Care Hospitals,Voluntary non-profit - Private,Yes,Y,3.0,Same as the national average,,Below the national average,Same as the national average,Same as the national average,Above the national average,
040014,WHITE COUNTY MEDICAL CENTER,3214 EAST RACE AVENUE,SEARCY,AR,72143,WHITE,5012783100,Acute Care Hospitals,Voluntary non-profit - Private,Yes,Y,3.0,Below the national average,Above the national average,Same as the national average,Above the national average,Same as the national average,Above the national average,Below the national average
040015,MENA REGIONAL HEALTH SYSTEM,311 NORTH MORROW STREET,MENA,AR,71953,POLK,4793946100,Acute Care Hospitals,Government - Local,Yes,Y,3.0,Below the national average,,Same as the national average,Same as the national average,Same as the national average,Above the national average,Same as the national average
040016,UAMS MEDICAL CENTER,4301 WEST MARKHAM STREET MAIL SLOT 612,LITTLE ROCK,AR,72205,PULASKI,5016865000,Acute Care Hospitals,Government - State,Yes,Y,1.0,Same as the national average,Below the national average,Below the national average,Below the national average,Below the national average,Below the national average,Above the national average
040017,NORTH ARKANSAS REGIONAL MEDICAL CENTER,620 NORTH MAIN STREET,HARRISON,AR,72601,BOONE,8704144000,Acute Care Hospitals,Voluntary non-profit - Other,Yes,Y,3.0,Same as the national average,Above the national average,Above the national average,Same as the national average,Same as the national average,Same as the national average,Below the national average
040018,SPARKS MEDICAL CENTER - VAN BUREN,EAST MAIN AND SOUTH 20TH STREET,VAN BUREN,AR,72956,CRAWFORD,4794743401,Acute Care Hospitals,Proprietary,Yes,Y,3.0,Same as the national average,,Same as the national average,Same as the national average,Same as the national average,Above the national average,
040019,FORREST CITY MEDICAL CENTER,1601 NEWCASTLE ROAD,FORREST CITY,AR,72335,SAINT FRANCIS,8702610000,Acute Care Hospitals,Proprietary,Yes,Y,2.0,Same as the national average,,Same as the national average,Below the national average,Same as the national average,Above the national average,Same as the national average
040020,ST BERNARDS MEDICAL CENTER,225 E JACKSON,JONESBORO,AR,72401,CRAIGHEAD,8709724100,Acute Care Hospitals,Voluntary non-profit - Private,Yes,Y,1.0,Below the national average,Below the national average,Below the national average,Same as the national average,Same as the national average,Same as the national average,Below the national average
040022,NORTHWEST MEDICAL CENTER-SPRINGDALE,609 WEST MAPLE AVENUE,SPRINGDALE,AR,72764,WASHINGTON,4797515711,Acute Care Hospitals,Proprietary,Yes,Y,3.0,Below the national average,Above the national average,Below the national average,Below the national average,Same as the national average,Above the national average,Same as the national average
040026,CHI ST. VINCENT HOSPITAL HOT SPRINGS,300 WERNER STREET,HOT SPRINGS,AR,71903,GARLAND,5016221000,Acute Care Hospitals,Voluntary non-profit - Church,Yes,Y,2.0,Below the national average,Same as the national average,Below the national average,Below the national average,Same as the national average,Same as the national average,Same as the national average
040027,BAXTER REGIONAL MEDICAL CENTER,624 HOSPITAL DRIVE,MOUNTAIN HOME,AR,72653,BAXTER,8705081000,Acute Care Hospitals,Voluntary non-profit - Private,Yes,Y,3.0,Below the national average,Above the national average,Above the national average,Same as the national average,Same as the national average,Above the national average,Same as the national average
